{"Vest top": 0, "Bra": 1, "Underwear Tights": 2, "Socks": 3, "Leggings/Tights": 4, "Sweater": 5, "Top": 6, "Trousers": 7, "Hair clip": 8, "Umbrella": 9, "Pyjama jumpsuit/playsuit": 10, "Bodysuit": 11, "Hair string": 12, "Unknown": 13, "Hoodie": 14, "Sleep Bag": 15, "Hair/alice band": 16, "Belt": 17, "Boots": 18, "Bikini top": 19, "Swimwear bottom": 20, "Underwear bottom": 21, "Swimsuit": 22, "Skirt": 23, "T-shirt": 24, "Dress": 25, "Hat/beanie": 26, "Kids Underwear top": 27, "Shorts": 28, "Shirt": 29, "Cap/peaked": 30, "Pyjama set": 31, "Sneakers": 32, "Sunglasses": 33, "Cardigan": 34, "Gloves": 35, "Earring": 36, "Bag": 37, "Blazer": 38, "Other shoe": 39, "Jumpsuit/Playsuit": 40, "Sandals": 41, "Jacket": 42, "Costumes": 43, "Robe": 44, "Scarf": 45, "Coat": 46, "Other accessories": 47, "Polo shirt": 48, "Slippers": 49, "Night gown": 50, "Alice band": 51, "Straw hat": 52, "Hat/brim": 53, "Tailored Waistcoat": 54, "Necklace": 55, "Ballerinas": 56, "Tie": 57, "Pyjama bottom": 58, "Felt hat": 59, "Bracelet": 60, "Blouse": 61, "Outdoor overall": 62, "Watch": 63, "Underwear body": 64, "Beanie": 65, "Giftbox": 66, "Sleeping sack": 67, "Dungarees": 68, "Outdoor trousers": 69, "Wallet": 70, "Swimwear set": 71, "Swimwear top": 72, "Flat shoe": 73, "Garment Set": 74, "Ring": 75, "Waterbottle": 76, "Wedge": 77, "Long John": 78, "Outdoor Waistcoat": 79, "Pumps": 80, "Flip flop": 81, "Braces": 82, "Bootie": 83, "Fine cosmetics": 84, "Heeled sandals": 85, "Nipple covers": 86, "Chem. cosmetics": 87, "Soft Toys": 88, "Hair ties": 89, "Underwear corset": 90, "Bra extender": 91, "Underdress": 92, "Underwear set": 93, "Sarong": 94, "Leg warmers": 95, "Blanket": 96, "Hairband": 97, "Tote bag": 98, "Weekend/Gym bag": 99, "Cushion": 100, "Backpack": 101, "Earrings": 102, "Bucket hat": 103, "Flat shoes": 104, "Heels": 105, "Cap": 106, "Shoulder bag": 107, "Side table": 108, "Accessories set": 109, "Headband": 110, "Baby Bib": 111, "Keychain": 112, "Dog Wear": 113, "Washing bag": 114, "Sewing kit": 115, "Cross-body bag": 116, "Moccasins": 117, "Towel": 118, "Wood balls": 119, "Zipper head": 120, "Mobile case": 121, "Pre-walkers": 122, "Toy": 123, "Marker pen": 124, "Bumbag": 125, "Dog wear": 126, "Eyeglasses": 127, "Wireless earphone case": 128, "Stain remover spray": 129, "Clothing mist": 130}